{"cameraMode":{"drawMode":0,"name":"Shaded","section":"Shading Mode"},"sceneLighting":true,"audioPlay":false,"sceneViewState":{"m_AlwaysRefresh":false,"showFog":true,"showSkybox":true,"showFlares":true,"showImageEffects":true,"showParticleSystems":true,"showVisualEffectGraphs":true,"m_FxEnabled":true},"in2DMode":false,"pivot":{"x":245.44546508789063,"y":6.130584716796875,"z":-0.2223016321659088},"rotation":{"x":0.1708022654056549,"y":-0.6836583614349365,"z":0.16948023438453675,"w":0.6890086531639099},"size":14.518657684326172,"orthographic":false}